<bookinfo>
    <title>Userial USB to &i2c;/&spi;/&gpio; Bridge</title>
    <subtitle>User Manual</subtitle>
    <pubdate>&docdate;, v&docversion;</pubdate>
    <releaseinfo>
        Updated: &docdate;, documenting firmware v&fwversion;.
    </releaseinfo>

    <author>
        <firstname>Thomas</firstname>
        <surname>Pircher</surname>
        <affiliation>
            <orgname><ulink url="http://www.tty1.net/userial/">http://www.tty1.net/userial/</ulink></orgname>
            <!--
            <address><email>tehpeh@gmx.net</email></address>
            -->
        </affiliation>
    </author>
    <copyright>
        <year>2008-2009</year>
        <holder>Thomas Pircher</holder>
    </copyright>
    <legalnotice>
        <para>
        This document is released under the terms of the
        <ulink url="http://creativecommons.org/licenses/by-sa/3.0/">Creative Commons Attribution-Share Alike 3.0 Unported License</ulink>.
        </para>
    </legalnotice>
</bookinfo>
