<?xml version='1.0'?>
<!DOCTYPE book PUBLIC "-//OASIS//DTD DocBook XML V4.5//EN"
         "http://www.oasis-open.org/docbook/xml/4.5/docbookx.dtd" [

<!ENTITY userial    "<emphasis>userial</emphasis>">
<!ENTITY fwversion  "1.8">
<!ENTITY docversion "1.8.0">
<!ENTITY docdate    "19 October 2009">

<!ENTITY i2c        "I<superscript>2</superscript>C">
<!ENTITY spi        "SPI">
<!ENTITY gpio       "GPIO">
<!ENTITY adc        "ADC">
<!ENTITY uart       "UART">
<!ENTITY jtag       "JTAG">

<!ENTITY avrdude    "<emphasis>avrdude</emphasis>">

<!--
<!ENTITY lufa       "<ulink url=""></ulink>">
-->
<!ENTITY link_userial   '<ulink url="http://www.tty1.net/userial/">userial</ulink>'>
<!ENTITY link_lufa      '<ulink url="http://www.fourwalledcubicle.com/LUFA.php">LUFA</ulink>'>
<!ENTITY link_buttload  '<ulink url="http://www.fourwalledcubicle.com/ButtLoad.php">ButtLoad</ulink>'>
<!ENTITY link_dfuprog   '<ulink url="http://dfu-programmer.sourceforge.net/">dfu-programmer</ulink>'>
<!ENTITY link_atmel     '<ulink url="http://www.atmel.com/">ATMEL</ulink>'>
<!ENTITY link_flip      '<ulink url="http://www.atmel.com/dyn/products/tools_card.asp?tool_id=3886">FLIP</ulink>'>
<!ENTITY link_avr109    '<ulink url="http://www.atmel.com/dyn/resources/prod_documents/doc1644.pdf">AVR109</ulink>'>
<!ENTITY link_avrgcc    '<ulink url="http://gcc.gnu.org/">AVR-GCC</ulink>'>
<!ENTITY link_winavr    '<ulink url="http://winavr.sourceforge.net/">WinAVR</ulink>'>

<!ENTITY bookinfo       SYSTEM "bookinfo.xml">
<!ENTITY chap_intro     SYSTEM "chap_intro.xml">
<!ENTITY chap_swinstall SYSTEM "chap_swinstall.xml">
<!ENTITY chap_protocol  SYSTEM "chap_protocol.xml">
<!ENTITY chap_fwupgrade SYSTEM "chap_fwupgrade.xml">
<!ENTITY chap_hardware  SYSTEM "chap_hardware.xml">
]>

<book id="userial">
<?dbhtml filename="userial.html"?>
&bookinfo;
&chap_intro;
&chap_swinstall;
&chap_protocol;
&chap_fwupgrade;
&chap_hardware;
<!--
<index id="index"/>
-->
</book>
